"instant","dteday","season","yr","mnth","holiday","weekday","workingday","weathersit","temp","atemp","hum","windspeed","casual","registered","cnt"
202,"2011-07-21",3,0,7,0,4,1,2,0.815,0.826371,0.69125,0.222021,632,3152,3784
88,"2011-03-29",2,0,3,0,2,1,1,0.3025,0.292908,0.314167,0.226996,317,2108,2425
576,"2012-07-29",3,1,7,0,0,0,1,0.721667,0.667933,0.62375,0.170396,2153,4444,6597
247,"2011-09-04",3,0,9,0,0,0,1,0.709167,0.665429,0.742083,0.206467,2521,2419,4940
426,"2012-03-01",1,1,3,0,4,1,1,0.485833,0.475371,0.615417,0.226987,325,4665,4990
702,"2012-12-02",4,1,12,0,0,0,2,0.3475,0.359208,0.823333,0.124379,892,3757,4649
126,"2011-05-06",2,0,5,0,5,1,1,0.479167,0.474117,0.59,0.228246,894,3714,4608
530,"2012-06-13",2,1,6,0,3,1,1,0.655833,0.611117,0.582083,0.343279,1173,6248,7421
138,"2011-05-18",2,0,5,0,3,1,2,0.55,0.527158,0.87,0.201492,536,3319,3855
540,"2012-06-23",3,1,6,0,6,0,1,0.731667,0.652792,0.534583,0.179721,2657,4801,7458
263,"2011-09-20",3,0,9,0,2,1,2,0.561667,0.532217,0.88125,0.134954,438,3203,3641
511,"2012-05-25",2,1,5,0,5,1,1,0.68,0.627529,0.747083,0.14055,1417,5317,6734
644,"2012-10-05",4,1,10,0,5,1,1,0.615,0.580187,0.6275,0.10635,1516,6640,8156
319,"2011-11-15",4,0,11,0,2,1,2,0.53,0.507579,0.68875,0.199633,449,3746,4195
557,"2012-07-10",3,1,7,0,2,1,2,0.720833,0.664796,0.6675,0.151737,954,5336,6290
568,"2012-07-21",3,1,7,0,6,0,3,0.595833,0.549912,0.865417,0.2133,1264,3195,4459
191,"2011-07-10",3,0,7,0,0,0,1,0.7475,0.690025,0.578333,0.183471,1743,3138,4881
593,"2012-08-15",3,1,8,0,3,1,1,0.706667,0.654037,0.619583,0.169771,1198,6149,7347
409,"2012-02-13",1,1,2,0,1,1,1,0.2225,0.227913,0.41125,0.167283,94,3328,3422
584,"2012-08-06",3,1,8,0,1,1,2,0.7525,0.710246,0.654167,0.129354,1233,5780,7013
451,"2012-03-26",2,1,3,0,1,1,1,0.445833,0.43875,0.477917,0.386821,795,4763,5558
89,"2011-03-30",2,0,3,0,3,1,2,0.3,0.29735,0.646667,0.172888,168,1368,1536
397,"2012-02-01",1,1,2,0,3,1,1,0.469167,0.466538,0.507917,0.189067,304,4275,4579
233,"2011-08-21",3,0,8,0,0,0,1,0.710833,0.675525,0.77,0.248754,1249,2624,3873
46,"2011-02-15",1,0,2,0,2,1,1,0.266087,0.254274,0.314348,0.291374,140,1675,1815
68,"2011-03-09",1,0,3,0,3,1,2,0.295833,0.286608,0.775417,0.22015,191,1700,1891
176,"2011-06-25",3,0,6,0,6,0,1,0.695,0.643313,0.483333,0.209571,1782,3420,5202
95,"2011-04-05",2,0,4,0,2,1,2,0.414167,0.39835,0.642083,0.388067,167,1628,1795
378,"2012-01-13",1,1,1,0,5,1,1,0.274167,0.249362,0.5075,0.378108,174,3040,3214
26,"2011-01-26",1,0,1,0,3,1,3,0.2175,0.2036,0.8625,0.29385,34,472,506
495,"2012-05-09",2,1,5,0,3,1,2,0.575,0.553025,0.744167,0.216412,620,4097,4717
610,"2012-09-01",3,1,9,0,6,0,2,0.753333,0.702654,0.638333,0.113187,2352,3788,6140
437,"2012-03-12",1,1,3,0,1,1,1,0.466667,0.459592,0.489167,0.207713,838,4460,5298
329,"2011-11-25",4,0,11,0,5,1,1,0.375,0.380671,0.64375,0.0988958,1095,1697,2792
43,"2011-02-12",1,0,2,0,6,0,1,0.2225,0.232954,0.544167,0.203367,288,1184,1472
269,"2011-09-26",4,0,9,0,1,1,2,0.649167,0.589042,0.848333,0.1107,684,3946,4630
712,"2012-12-12",4,1,12,0,3,1,2,0.2975,0.297338,0.538333,0.162937,310,5009,5319
486,"2012-04-30",2,1,4,0,1,1,2,0.464167,0.457696,0.57,0.171638,665,4907,5572
339,"2011-12-05",4,0,12,0,1,1,2,0.385833,0.393925,0.827083,0.0622083,233,3578,3811
211,"2011-07-30",3,0,7,0,6,0,1,0.804167,0.728537,0.465833,0.168537,1559,2916,4475
315,"2011-11-11",4,0,11,1,5,0,1,0.324167,0.306817,0.44625,0.314675,440,2928,3368
111,"2011-04-21",2,0,4,0,4,1,1,0.459167,0.453892,0.407083,0.325258,745,3444,4189
197,"2011-07-16",3,0,7,0,6,0,1,0.686667,0.638263,0.585,0.208342,2418,3505,5923
322,"2011-11-18",4,0,11,0,5,1,1,0.274167,0.272721,0.41,0.168533,245,3147,3392
730,"2012-12-30",1,1,12,0,0,0,1,0.255833,0.2317,0.483333,0.350754,364,1432,1796
3,"2011-01-03",1,0,1,0,1,1,1,0.196364,0.189405,0.437273,0.248309,120,1229,1349
366,"2012-01-01",1,1,1,0,0,0,1,0.37,0.375621,0.6925,0.192167,686,1608,2294
167,"2011-06-16",2,0,6,0,4,1,2,0.628333,0.595346,0.688333,0.206471,545,3222,3767
337,"2011-12-03",4,0,12,0,6,0,1,0.299167,0.310604,0.612917,0.0957833,706,2908,3614
9,"2011-01-09",1,0,1,0,0,0,1,0.138333,0.116175,0.434167,0.36195,54,768,822
237,"2011-08-25",3,0,8,0,4,1,2,0.684167,0.645854,0.771667,0.210833,435,3107,3542
53,"2011-02-22",1,0,2,0,2,1,1,0.182222,0.186033,0.577778,0.195683,74,1376,1450
476,"2012-04-20",2,1,4,0,5,1,1,0.526667,0.515775,0.694583,0.149871,1340,5950,7290
76,"2011-03-17",1,0,3,0,4,1,1,0.415,0.410333,0.602917,0.209579,424,2320,2744
481,"2012-04-25",2,1,4,0,3,1,1,0.476667,0.470317,0.427917,0.118792,655,5541,6196
648,"2012-10-09",4,1,10,0,2,1,2,0.446667,0.438112,0.761667,0.1903,601,5791,6392
40,"2011-02-09",1,0,2,0,3,1,2,0.134783,0.144283,0.494783,0.188839,53,1552,1605
223,"2011-08-11",3,0,8,0,4,1,1,0.7175,0.651521,0.42375,0.164796,812,3980,4792
419,"2012-02-23",1,1,2,0,4,1,1,0.454167,0.444446,0.554583,0.190913,516,4546,5062
456,"2012-03-31",2,1,3,0,6,0,2,0.424167,0.421708,0.738333,0.250617,2301,3934,6235
729,"2012-12-29",1,1,12,0,6,0,2,0.253333,0.2424,0.752917,0.124383,159,1182,1341
132,"2011-05-12",2,0,5,0,4,1,1,0.535,0.523363,0.7475,0.189667,695,4169,4864
13,"2011-01-13",1,0,1,0,4,1,1,0.165,0.150883,0.470417,0.301,38,1368,1406
663,"2012-10-24",4,1,10,0,3,1,1,0.5875,0.558721,0.63625,0.0727792,795,6898,7693
359,"2011-12-25",1,0,12,0,0,0,1,0.274783,0.279961,0.681304,0.155091,303,451,754
677,"2012-11-07",4,1,11,0,3,1,2,0.295833,0.274621,0.5475,0.304108,326,4709,5035
618,"2012-09-09",3,1,9,0,0,0,1,0.61,0.578925,0.5475,0.224496,2570,5657,8227
516,"2012-05-30",2,1,5,0,3,1,2,0.656667,0.611129,0.67,0.134329,745,6110,6855
264,"2011-09-21",3,0,9,0,3,1,2,0.595,0.550533,0.9,0.0964042,539,3813,4352
443,"2012-03-18",1,1,3,0,0,0,2,0.4725,0.464,0.81,0.126883,2207,3685,5892
232,"2011-08-20",3,0,8,0,6,0,1,0.6975,0.648996,0.674167,0.104467,1914,3277,5191
118,"2011-04-28",2,0,4,0,4,1,2,0.6175,0.578929,0.700833,0.320908,569,3489,4058
498,"2012-05-12",2,1,5,0,6,0,1,0.564167,0.544817,0.480417,0.123133,2622,4807,7429
196,"2011-07-15",3,0,7,0,5,1,1,0.663333,0.624371,0.59125,0.182833,1318,4220,5538
123,"2011-05-03",2,0,5,0,2,1,2,0.616667,0.582079,0.697083,0.342667,603,3848,4451
317,"2011-11-13",4,0,11,0,0,0,1,0.440833,0.43055,0.458333,0.281721,1004,2713,3717
547,"2012-06-30",3,1,6,0,6,0,1,0.765,0.687508,0.60125,0.161071,1455,4232,5687
286,"2011-10-13",4,0,10,0,4,1,2,0.589167,0.551804,0.896667,0.141787,290,2623,2913
552,"2012-07-05",3,1,7,0,4,1,1,0.8275,0.761367,0.457917,0.194029,1405,4836,6241
141,"2011-05-21",2,0,5,0,6,0,1,0.6025,0.571975,0.626667,0.12065,2258,3547,5805
19,"2011-01-19",1,0,1,0,3,1,2,0.292174,0.298422,0.741739,0.208317,78,1572,1650
259,"2011-09-16",3,0,9,0,5,1,2,0.469167,0.461475,0.590417,0.164183,742,4018,4760
411,"2012-02-15",1,1,2,0,3,1,1,0.348333,0.351629,0.53125,0.1816,141,4028,4169
667,"2012-10-28",4,1,10,0,0,0,2,0.4775,0.467771,0.694583,0.398008,998,3461,4459
155,"2011-06-04",2,0,6,0,6,0,1,0.635,0.594696,0.45625,0.123142,1869,3473,5342
465,"2012-04-09",2,1,4,0,1,1,1,0.489167,0.476638,0.3175,0.358196,905,4680,5585
60,"2011-03-01",1,0,3,0,2,1,1,0.266667,0.263879,0.535,0.216425,137,1714,1851
626,"2012-09-17",3,1,9,0,1,1,2,0.580833,0.55305,0.734583,0.151742,1022,5847,6869
609,"2012-08-31",3,1,8,0,5,1,1,0.764167,0.6894,0.5875,0.168533,1433,5917,7350
496,"2012-05-10",2,1,5,0,4,1,1,0.505833,0.491783,0.552083,0.314063,1026,5546,6572
441,"2012-03-16",1,1,3,0,5,1,2,0.435833,0.436229,0.842083,0.113192,548,3830,4378
612,"2012-09-03",3,1,9,1,1,0,1,0.7075,0.661629,0.790833,0.151121,1965,4069,6034
394,"2012-01-29",1,1,1,0,0,0,1,0.2825,0.272721,0.31125,0.24005,558,2685,3243
689,"2012-11-19",4,1,11,0,1,1,2,0.380833,0.375621,0.623333,0.235067,449,5050,5499
455,"2012-03-30",2,1,3,0,5,1,2,0.37,0.375621,0.580833,0.138067,796,4663,5459
18,"2011-01-18",1,0,1,0,2,1,2,0.216667,0.232333,0.861667,0.146775,9,674,683
685,"2012-11-15",4,1,11,0,4,1,2,0.321667,0.324492,0.620417,0.152987,320,5125,5445
265,"2011-09-22",3,0,9,0,4,1,2,0.628333,0.554963,0.902083,0.128125,555,4240,4795
528,"2012-06-11",2,1,6,0,1,1,2,0.720833,0.659721,0.587917,0.207713,1017,5647,6664
36,"2011-02-05",1,0,2,0,6,0,2,0.233333,0.243058,0.929167,0.161079,100,905,1005
600,"2012-08-22",3,1,8,0,3,1,1,0.6675,0.621854,0.677083,0.0702833,1094,6281,7375
301,"2011-10-28",4,0,10,0,5,1,2,0.330833,0.318812,0.585833,0.229479,456,3291,3747
157,"2011-06-06",2,0,6,0,1,1,1,0.678333,0.621858,0.6,0.121896,673,3875,4548
386,"2012-01-21",1,1,1,0,6,0,2,0.173333,0.174875,0.83125,0.222642,67,1234,1301
458,"2012-04-02",2,1,4,0,1,1,1,0.433913,0.427513,0.504348,0.312139,1208,4728,5936
27,"2011-01-27",1,0,1,0,4,1,1,0.195,0.2197,0.6875,0.113837,15,416,431
438,"2012-03-13",1,1,3,0,2,1,1,0.565,0.542929,0.6175,0.23695,762,5085,5847
310,"2011-11-06",4,0,11,0,0,0,1,0.348333,0.362358,0.734583,0.0920542,952,2697,3649
278,"2011-10-05",4,0,10,0,3,1,1,0.538333,0.527138,0.647917,0.17725,559,4267,4826
90,"2011-03-31",2,0,3,0,4,1,3,0.268333,0.257575,0.918333,0.217646,179,1506,1685
262,"2011-09-19",3,0,9,0,1,1,2,0.549167,0.529675,0.69,0.151742,691,3848,4539
114,"2011-04-24",2,0,4,0,0,0,2,0.581667,0.551763,0.810833,0.192175,1710,2481,4191
253,"2011-09-10",3,0,9,0,6,0,1,0.66,0.607962,0.75375,0.153608,1750,3595,5345
647,"2012-10-08",4,1,10,1,1,0,2,0.383333,0.387608,0.709583,0.189679,874,4604,5478
487,"2012-05-01",2,1,5,0,2,1,2,0.613333,0.577021,0.659583,0.156096,653,5087,5740
638,"2012-09-29",4,1,9,0,6,0,1,0.5425,0.530296,0.542917,0.227604,2589,5966,8555
198,"2011-07-17",3,0,7,0,0,0,1,0.719167,0.669833,0.604167,0.245033,2006,3296,5302
255,"2011-09-12",3,0,9,0,1,1,1,0.644348,0.60213,0.692174,0.088913,690,4023,4713
162,"2011-06-11",2,0,6,0,6,0,1,0.725,0.678038,0.654583,0.15485,1729,3237,4966
598,"2012-08-20",3,1,8,0,1,1,2,0.635833,0.595967,0.734167,0.129979,1026,5504,6530
144,"2011-05-24",2,0,5,0,2,1,2,0.66,0.604813,0.740833,0.207092,659,3833,4492
11,"2011-01-11",1,0,1,0,2,1,2,0.169091,0.191464,0.686364,0.122132,43,1220,1263
210,"2011-07-29",3,0,7,0,5,1,1,0.838333,0.785967,0.5425,0.174138,670,3176,3846
71,"2011-03-12",1,0,3,0,6,0,1,0.329167,0.32575,0.594583,0.220775,724,1408,2132
323,"2011-11-19",4,0,11,0,6,0,1,0.329167,0.324483,0.502083,0.224496,943,2720,3663
368,"2012-01-03",1,1,1,0,2,1,1,0.15,0.126275,0.44125,0.365671,89,2147,2236
23,"2011-01-23",1,0,1,0,0,0,1,0.0965217,0.0988391,0.436522,0.2466,150,836,986
385,"2012-01-20",1,1,1,0,5,1,2,0.2175,0.220958,0.45,0.20275,115,3048,3163
227,"2011-08-15",3,0,8,0,1,1,1,0.665833,0.616167,0.712083,0.208954,775,3563,4338
257,"2011-09-14",3,0,9,0,3,1,1,0.673333,0.6269,0.697083,0.1673,647,4138,4785
348,"2011-12-14",4,0,12,0,3,1,2,0.3175,0.338362,0.66375,0.0609583,178,3562,3740
435,"2012-03-10",1,1,3,0,6,0,1,0.2875,0.277767,0.350417,0.22575,968,3150,4118
24,"2011-01-24",1,0,1,0,1,1,1,0.0973913,0.11793,0.491739,0.15833,86,1330,1416
205,"2011-07-24",3,0,7,0,0,0,1,0.83,0.794829,0.550833,0.169171,1050,2556,3606
314,"2011-11-10",4,0,11,0,4,1,2,0.38,0.373721,0.813333,0.189067,190,2743,2933
201,"2011-07-20",3,0,7,0,3,1,1,0.768333,0.74685,0.707083,0.113817,644,3688,4332
217,"2011-08-05",3,0,8,0,5,1,1,0.710833,0.656567,0.630833,0.184696,1023,3843,4866
634,"2012-09-25",4,1,9,0,2,1,1,0.55,0.544179,0.57,0.236321,845,6693,7538
156,"2011-06-05",2,0,6,0,0,0,2,0.648333,0.616804,0.6525,0.138692,1685,3221,4906
586,"2012-08-08",3,1,8,0,3,1,2,0.75,0.707717,0.672917,0.1107,1263,6271,7534
234,"2011-08-22",3,0,8,0,1,1,1,0.691667,0.638254,0.47,0.27675,833,3925,4758
472,"2012-04-16",2,1,4,1,1,0,1,0.664167,0.614925,0.561667,0.284829,1198,5172,6370
403,"2012-02-07",1,1,2,0,2,1,1,0.354167,0.361104,0.49625,0.147379,199,4176,4375
691,"2012-11-21",4,1,11,0,3,1,1,0.353333,0.364892,0.61375,0.103246,615,4531,5146
376,"2012-01-11",1,1,1,0,3,1,2,0.274167,0.282821,0.8475,0.131221,92,2085,2177
684,"2012-11-14",4,1,11,0,3,1,1,0.289167,0.281563,0.552083,0.199625,373,5122,5495
66,"2011-03-07",1,0,3,0,1,1,1,0.261739,0.238461,0.551304,0.341352,244,1628,1872
373,"2012-01-08",1,1,1,0,0,0,1,0.3375,0.340258,0.465,0.191542,599,2826,3425
706,"2012-12-06",4,1,12,0,4,1,1,0.255833,0.258204,0.50875,0.174754,340,5035,5375
695,"2012-11-25",4,1,11,0,0,0,1,0.245833,0.257583,0.468333,0.1505,309,2115,2424
671,"2012-11-01",4,1,11,0,4,1,2,0.365833,0.369942,0.581667,0.157346,466,5520,5986
700,"2012-11-30",4,1,11,0,5,1,1,0.298333,0.323867,0.649583,0.0584708,362,5306,5668
616,"2012-09-07",3,1,9,0,5,1,1,0.703333,0.657204,0.73625,0.171646,1045,6459,7504
312,"2011-11-08",4,0,11,0,2,1,1,0.408333,0.412246,0.721667,0.0690375,376,3829,4205
1,"2011-01-01",1,0,1,0,6,0,2,0.344167,0.363625,0.805833,0.160446,331,654,985
485,"2012-04-29",2,1,4,0,0,0,1,0.458333,0.450121,0.587083,0.116908,2229,4075,6304
31,"2011-01-31",1,0,1,0,1,1,2,0.180833,0.18625,0.60375,0.187192,42,1459,1501
688,"2012-11-18",4,1,11,0,0,0,1,0.3425,0.337746,0.692917,0.227612,922,3747,4669
335,"2011-12-01",4,0,12,0,4,1,1,0.3125,0.305554,0.524583,0.220158,182,3545,3727
693,"2012-11-23",4,1,11,0,5,1,1,0.368333,0.378779,0.56875,0.148021,1603,2307,3910
432,"2012-03-07",1,1,3,0,3,1,1,0.404167,0.3851,0.513333,0.345779,432,4484,4916
423,"2012-02-27",1,1,2,0,1,1,1,0.366667,0.357954,0.490833,0.268033,253,4069,4322
17,"2011-01-17",1,0,1,1,1,0,2,0.175833,0.176771,0.5375,0.194017,117,883,1000
387,"2012-01-22",1,1,1,0,0,0,2,0.1625,0.16225,0.79625,0.199638,196,1781,1977
287,"2011-10-14",4,0,10,0,5,1,2,0.550833,0.529675,0.71625,0.223883,529,3115,3644
52,"2011-02-21",1,0,2,1,1,0,2,0.303333,0.284075,0.605,0.307846,195,912,1107
406,"2012-02-10",1,1,2,0,5,1,2,0.280833,0.293558,0.54,0.116929,227,3604,3831
180,"2011-06-29",3,0,6,0,3,1,1,0.728333,0.654688,0.497917,0.261821,848,4377,5225
203,"2011-07-22",3,0,7,0,5,1,1,0.848333,0.840896,0.580417,0.1331,562,2825,3387
727,"2012-12-27",1,1,12,0,4,1,2,0.254167,0.226642,0.652917,0.350133,247,1867,2114
172,"2011-06-21",3,0,6,0,2,1,2,0.680833,0.637646,0.770417,0.171025,774,4061,4835
461,"2012-04-05",2,1,4,0,4,1,1,0.435,0.431163,0.374167,0.219529,1192,5265,6457
112,"2011-04-22",2,0,4,0,5,1,2,0.336667,0.321954,0.729583,0.219521,177,1506,1683
364,"2011-12-30",1,0,12,0,5,1,1,0.311667,0.318812,0.636667,0.134337,491,2508,2999
711,"2012-12-11",4,1,12,0,2,1,2,0.353333,0.338363,0.596667,0.296037,282,5219,5501
526,"2012-06-09",2,1,6,0,6,0,1,0.710833,0.648367,0.437083,0.144287,2708,4790,7498
103,"2011-04-13",2,0,4,0,3,1,2,0.4125,0.417283,0.819167,0.250617,209,1953,2162
214,"2011-08-02",3,0,8,0,2,1,1,0.783333,0.707071,0.49125,0.20585,801,4044,4845
402,"2012-02-06",1,1,2,0,1,1,1,0.282609,0.296426,0.622174,0.1538,206,3578,3784
152,"2011-06-01",2,0,6,0,3,1,2,0.764167,0.720967,0.677083,0.207092,513,3461,3974
440,"2012-03-15",1,1,3,0,4,1,1,0.5575,0.532825,0.579583,0.149883,1005,5187,6192
659,"2012-10-20",4,1,10,0,6,0,1,0.484167,0.472842,0.572917,0.117537,2806,5284,8090
642,"2012-10-03",4,1,10,0,3,1,2,0.6575,0.599133,0.79375,0.0665458,728,6844,7572
124,"2011-05-04",2,0,5,0,3,1,2,0.414167,0.40465,0.737083,0.328996,255,2378,2633
683,"2012-11-13",4,1,11,0,2,1,2,0.343333,0.323225,0.662917,0.342046,327,3767,4094
61,"2011-03-02",1,0,3,0,3,1,1,0.335,0.320071,0.449583,0.307833,231,1903,2134
382,"2012-01-17",1,1,1,0,2,1,2,0.373043,0.364278,0.716087,0.34913,127,2808,2935
21,"2011-01-21",1,0,1,0,5,1,1,0.1775,0.157833,0.457083,0.353242,75,1468,1543
418,"2012-02-22",1,1,2,0,3,1,1,0.395833,0.392667,0.567917,0.234471,394,4379,4773
252,"2011-09-09",3,0,9,0,5,1,2,0.65,0.578946,0.897917,0.124379,417,3127,3544
350,"2011-12-16",4,0,12,0,5,1,2,0.375,0.359825,0.500417,0.260575,178,3399,3577
507,"2012-05-21",2,1,5,0,1,1,2,0.598333,0.565667,0.81125,0.233204,630,3729,4359
119,"2011-04-29",2,0,4,0,5,1,1,0.51,0.497463,0.457083,0.240063,878,3717,4595
503,"2012-05-17",2,1,5,0,4,1,1,0.593333,0.572613,0.52,0.229475,1242,6142,7384
279,"2011-10-06",4,0,10,0,4,1,1,0.494167,0.480425,0.620833,0.134954,639,4126,4765
81,"2011-03-22",2,0,3,0,2,1,1,0.441667,0.440642,0.624583,0.22575,460,2243,2703
664,"2012-10-25",4,1,10,0,4,1,2,0.55,0.529688,0.800417,0.124375,875,6484,7359
377,"2012-01-12",1,1,1,0,4,1,2,0.3825,0.381938,0.802917,0.180967,269,3828,4097
270,"2011-09-27",4,0,9,0,2,1,2,0.636667,0.574525,0.885417,0.118171,477,3643,4120
427,"2012-03-02",1,1,3,0,5,1,2,0.353333,0.359842,0.657083,0.144904,246,2948,3194
147,"2011-05-27",2,0,5,0,5,1,1,0.681667,0.637008,0.65375,0.240679,871,3808,4679
587,"2012-08-09",3,1,8,0,4,1,1,0.755833,0.699508,0.620417,0.1561,1196,6090,7286
47,"2011-02-16",1,0,2,0,3,1,1,0.318261,0.3162,0.423478,0.251791,218,1897,2115
562,"2012-07-15",3,1,7,0,0,0,1,0.745833,0.705196,0.717917,0.166667,1920,4111,6031
422,"2012-02-26",1,1,2,0,0,0,1,0.279167,0.268308,0.41,0.205229,515,2874,3389
49,"2011-02-18",1,0,2,0,5,1,1,0.521667,0.511983,0.516667,0.264925,579,2348,2927
513,"2012-05-27",2,1,5,0,0,0,1,0.69,0.641425,0.697083,0.215171,3283,3308,6591
708,"2012-12-08",4,1,12,0,6,0,2,0.381667,0.389508,0.91125,0.101379,1153,4429,5582
446,"2012-03-21",2,1,3,0,3,1,2,0.531667,0.513258,0.82125,0.0895583,1122,5108,6230
328,"2011-11-24",4,0,11,1,4,0,1,0.373333,0.372471,0.549167,0.167304,560,935,1495
33,"2011-02-02",1,0,2,0,3,1,2,0.26,0.254417,0.775417,0.264308,72,1454,1526
70,"2011-03-11",1,0,3,0,5,1,2,0.316522,0.305,0.649565,0.23297,247,1730,1977
421,"2012-02-25",1,1,2,0,6,0,1,0.290833,0.255675,0.395833,0.421642,317,2415,2732
182,"2011-07-01",3,0,7,0,5,1,1,0.7225,0.652162,0.39625,0.102608,1246,4116,5362
488,"2012-05-02",2,1,5,0,3,1,1,0.564167,0.537896,0.797083,0.138058,667,5502,6169
188,"2011-07-07",3,0,7,0,4,1,1,0.75,0.686871,0.65125,0.1592,754,3838,4592
85,"2011-03-26",2,0,3,0,6,0,1,0.265833,0.257571,0.394167,0.209571,981,1515,2496
617,"2012-09-08",3,1,9,0,6,0,2,0.659167,0.611121,0.799167,0.281104,1557,4419,5976
285,"2011-10-12",4,0,10,0,3,1,3,0.543333,0.517717,0.90625,0.24815,217,2199,2416
115,"2011-04-25",2,0,4,0,1,1,1,0.606667,0.5745,0.776667,0.185333,773,3300,4073
431,"2012-03-06",1,1,3,0,2,1,1,0.258333,0.255042,0.456667,0.200875,221,3735,3956
561,"2012-07-14",3,1,7,0,6,0,2,0.703333,0.666042,0.699167,0.143679,2355,4614,6969
608,"2012-08-30",3,1,8,0,4,1,1,0.706667,0.652779,0.590417,0.0771167,1172,6541,7713
209,"2011-07-28",3,0,7,0,4,1,1,0.779167,0.7399,0.583333,0.178479,606,3784,4390
533,"2012-06-16",2,1,6,0,6,0,1,0.631667,0.594708,0.504167,0.166667,2963,4739,7702
6,"2011-01-06",1,0,1,0,4,1,1,0.204348,0.233209,0.518261,0.0895652,88,1518,1606
65,"2011-03-06",1,0,3,0,0,0,2,0.376522,0.366252,0.948261,0.343287,114,491,605
110,"2011-04-20",2,0,4,0,3,1,1,0.595,0.564392,0.614167,0.241925,613,3331,3944
296,"2011-10-23",4,0,10,0,0,0,1,0.421667,0.422333,0.74125,0.0995125,1619,2762,4381
463,"2012-04-07",2,1,4,0,6,0,1,0.4375,0.426129,0.254167,0.274871,3252,3605,6857
589,"2012-08-11",3,1,8,0,6,0,2,0.6925,0.638267,0.732917,0.206479,2247,4052,6299
216,"2011-08-04",3,0,8,0,4,1,2,0.71,0.664788,0.7575,0.19715,799,3777,4576
606,"2012-08-28",3,1,8,0,2,1,1,0.728333,0.66605,0.62,0.190925,935,6105,7040
550,"2012-07-03",3,1,7,0,2,1,1,0.780833,0.70265,0.492083,0.126237,1052,5608,6660
218,"2011-08-06",3,0,8,0,6,0,2,0.716667,0.676154,0.755,0.22825,1521,2773,4294
408,"2012-02-12",1,1,2,0,0,0,1,0.1275,0.101658,0.464583,0.409212,73,1456,1529
42,"2011-02-11",1,0,2,0,5,1,1,0.189091,0.213509,0.506364,0.10855,149,1597,1746
571,"2012-07-24",3,1,7,0,2,1,1,0.750833,0.70645,0.655,0.211454,1140,6452,7592
512,"2012-05-26",2,1,5,0,6,0,1,0.6925,0.642696,0.7325,0.198992,2855,3681,6536
29,"2011-01-29",1,0,1,0,6,0,1,0.196522,0.212126,0.651739,0.145365,123,975,1098
580,"2012-08-02",3,1,8,0,4,1,1,0.7525,0.707088,0.659583,0.129354,983,6278,7261
140,"2011-05-20",2,0,5,0,5,1,1,0.536667,0.529042,0.719583,0.125013,909,4008,4917
341,"2011-12-07",4,0,12,0,3,1,3,0.41,0.400246,0.970417,0.266175,50,655,705
219,"2011-08-07",3,0,8,0,0,0,1,0.7425,0.715292,0.752917,0.201487,1298,2487,3785
569,"2012-07-22",3,1,7,0,0,0,2,0.6675,0.623125,0.7625,0.0939208,2544,4866,7410
304,"2011-10-31",4,0,10,0,1,1,1,0.34,0.356063,0.703333,0.10635,362,3307,3669
590,"2012-08-12",3,1,8,0,0,0,1,0.700833,0.644579,0.530417,0.122512,2182,4362,6544
142,"2011-05-22",2,0,5,0,0,0,1,0.604167,0.5745,0.749583,0.148008,1576,3084,4660
325,"2011-11-21",4,0,11,0,1,1,3,0.4475,0.445062,0.91,0.138054,220,2545,2765
466,"2012-04-10",2,1,4,0,2,1,1,0.446667,0.436233,0.435,0.249375,819,5099,5918
553,"2012-07-06",3,1,7,0,5,1,1,0.828333,0.752533,0.450833,0.146142,1366,4841,6207
226,"2011-08-14",3,0,8,0,0,0,2,0.676667,0.624388,0.8175,0.222633,1338,2482,3820
497,"2012-05-11",2,1,5,0,5,1,1,0.533333,0.520833,0.360417,0.236937,1319,5711,7030
494,"2012-05-08",2,1,5,0,2,1,2,0.581667,0.557471,0.685833,0.296029,738,4990,5728
577,"2012-07-30",3,1,7,0,1,1,1,0.730833,0.684987,0.66875,0.153617,1040,6065,7105
619,"2012-09-10",3,1,9,0,1,1,1,0.583333,0.565654,0.50375,0.258713,1118,6407,7525
222,"2011-08-10",3,0,8,0,3,1,1,0.766667,0.684983,0.424167,0.200258,884,3896,4780
349,"2011-12-15",4,0,12,0,4,1,2,0.4225,0.412237,0.634167,0.268042,181,3528,3709
266,"2011-09-23",4,0,9,0,5,1,2,0.609167,0.522125,0.9725,0.0783667,258,2137,2395
658,"2012-10-19",4,1,10,0,5,1,2,0.563333,0.537896,0.815,0.134954,753,4671,5424
336,"2011-12-02",4,0,12,0,5,1,1,0.314167,0.331433,0.625833,0.100754,268,3672,3940
601,"2012-08-23",3,1,8,0,4,1,1,0.695833,0.637008,0.635833,0.0845958,1363,6402,7765
448,"2012-03-23",2,1,3,0,5,1,2,0.601667,0.570067,0.694167,0.1163,2469,5893,8362
97,"2011-04-07",2,0,4,0,4,1,1,0.4375,0.433696,0.602917,0.162312,571,2570,3141
499,"2012-05-13",2,1,5,0,0,0,1,0.6125,0.585238,0.57625,0.225117,2172,3946,6118
464,"2012-04-08",2,1,4,0,0,0,1,0.5,0.492425,0.275833,0.232596,2230,2939,5169
7,"2011-01-07",1,0,1,0,5,1,2,0.196522,0.208839,0.498696,0.168726,148,1362,1510
73,"2011-03-14",1,0,3,0,1,1,1,0.325217,0.332,0.496957,0.136926,359,1687,2046
51,"2011-02-20",1,0,2,0,0,0,1,0.285217,0.27733,0.407826,0.223235,639,1173,1812
254,"2011-09-11",3,0,9,0,0,0,1,0.653333,0.609229,0.71375,0.115054,1633,3413,5046
489,"2012-05-03",2,1,5,0,4,1,2,0.56,0.537242,0.768333,0.133696,764,5657,6421
87,"2011-03-28",2,0,3,0,1,1,1,0.264348,0.257574,0.302174,0.212204,222,1806,2028
468,"2012-04-12",2,1,4,0,4,1,1,0.3975,0.387604,0.46625,0.290429,663,4746,5409
306,"2011-11-02",4,0,11,0,3,1,1,0.3775,0.390133,0.71875,0.0820917,370,3816,4186
420,"2012-02-24",1,1,2,0,5,1,2,0.4075,0.410971,0.7375,0.237567,246,3241,3487
128,"2011-05-08",2,0,5,0,0,0,1,0.528333,0.518933,0.631667,0.0746375,1401,2932,4333
235,"2011-08-23",3,0,8,0,2,1,1,0.640833,0.606067,0.455417,0.146763,1281,4614,5895
122,"2011-05-02",2,0,5,0,1,1,2,0.549167,0.532833,0.73,0.183454,847,3554,4401
307,"2011-11-03",4,0,11,0,4,1,1,0.408333,0.405921,0.702083,0.136817,318,3656,3974
15,"2011-01-15",1,0,1,0,6,0,2,0.233333,0.248112,0.49875,0.157963,222,1026,1248
78,"2011-03-19",1,0,3,0,6,0,1,0.4725,0.466525,0.379167,0.368167,1424,1693,3117
291,"2011-10-18",4,0,10,0,2,1,2,0.5325,0.522721,0.701667,0.110087,637,4111,4748
236,"2011-08-24",3,0,8,0,3,1,1,0.673333,0.630692,0.605,0.253108,949,4181,5130
171,"2011-06-20",2,0,6,0,1,1,2,0.635,0.595346,0.74625,0.155475,699,3311,4010
56,"2011-02-25",1,0,2,0,5,1,2,0.364348,0.350461,0.712174,0.346539,120,1341,1461
592,"2012-08-14",3,1,8,0,2,1,1,0.726667,0.676779,0.686667,0.169158,1128,5656,6784
635,"2012-09-26",4,1,9,0,3,1,1,0.635,0.596613,0.630833,0.2444,787,6946,7733
699,"2012-11-29",4,1,11,0,4,1,1,0.28087,0.298422,0.555652,0.115522,243,5080,5323
551,"2012-07-04",3,1,7,1,3,0,1,0.789167,0.732337,0.53875,0.13495,2562,4841,7403
324,"2011-11-20",4,0,11,0,0,0,2,0.463333,0.457058,0.684583,0.18595,787,2733,3520
135,"2011-05-15",2,0,5,0,0,0,2,0.5625,0.536,0.867083,0.152979,1582,2971,4553
478,"2012-04-22",2,1,4,0,0,0,3,0.396667,0.389504,0.835417,0.344546,120,907,1027
69,"2011-03-10",1,0,3,0,4,1,3,0.389091,0.385668,0,0.261877,46,577,623
500,"2012-05-14",2,1,5,0,1,1,2,0.573333,0.5499,0.789583,0.212692,342,2501,2843
241,"2011-08-29",3,0,8,0,1,1,1,0.636667,0.607958,0.554583,0.159825,729,3905,4634
731,"2012-12-31",1,1,12,0,1,1,2,0.215833,0.223487,0.5775,0.154846,439,2290,2729
462,"2012-04-06",2,1,4,0,5,1,1,0.403333,0.390767,0.377083,0.300388,1807,4653,6460
522,"2012-06-05",2,1,6,0,2,1,2,0.540833,0.525892,0.613333,0.209575,968,6033,7001
130,"2011-05-10",2,0,5,0,2,1,1,0.5325,0.522721,0.489167,0.115671,694,4109,4803
79,"2011-03-20",1,0,3,0,0,0,1,0.3325,0.32575,0.47375,0.207721,1047,1424,2471
701,"2012-12-01",4,1,12,0,6,0,2,0.298333,0.316904,0.806667,0.0597042,951,4240,5191
625,"2012-09-16",3,1,9,0,0,0,1,0.58,0.563125,0.57,0.0901833,2166,5167,7333
434,"2012-03-09",1,1,3,0,5,1,2,0.410833,0.397083,0.407083,0.4148,447,4122,4569
676,"2012-11-06",4,1,11,0,2,1,1,0.280833,0.281567,0.567083,0.173513,466,5220,5686
637,"2012-09-28",4,1,9,0,5,1,2,0.619167,0.585863,0.69,0.164179,1045,6370,7415
72,"2011-03-13",1,0,3,0,0,0,1,0.384348,0.380091,0.527391,0.270604,982,1435,2417
309,"2011-11-05",4,0,11,0,6,0,1,0.326667,0.323854,0.519167,0.189062,1156,2770,3926
98,"2011-04-08",2,0,4,0,5,1,2,0.335833,0.324479,0.83625,0.226992,172,1299,1471
334,"2011-11-30",4,0,11,0,3,1,1,0.325,0.311221,0.613333,0.271158,188,3425,3613
640,"2012-10-01",4,1,10,0,1,1,2,0.520833,0.512,0.649167,0.0908042,763,6015,6778
405,"2012-02-09",1,1,2,0,4,1,1,0.265,0.261988,0.562083,0.194037,163,3667,3830
184,"2011-07-03",3,0,7,0,0,0,2,0.716667,0.668575,0.6825,0.228858,2282,2367,4649
604,"2012-08-26",3,1,8,0,0,0,2,0.653333,0.595996,0.845833,0.228858,1483,3772,5255
367,"2012-01-02",1,1,1,1,1,0,1,0.273043,0.252304,0.381304,0.329665,244,1707,1951
139,"2011-05-19",2,0,5,0,4,1,2,0.530833,0.510742,0.829583,0.108213,735,3840,4575
186,"2011-07-05",3,0,7,0,2,1,1,0.746667,0.696338,0.590417,0.126258,1031,3634,4665
129,"2011-05-09",2,0,5,0,1,1,1,0.5325,0.525246,0.58875,0.176,664,3698,4362
113,"2011-04-23",2,0,4,0,6,0,2,0.46,0.450121,0.887917,0.230725,1462,2574,4036
50,"2011-02-19",1,0,2,0,6,0,1,0.399167,0.391404,0.187917,0.507463,532,1103,1635
371,"2012-01-06",1,1,1,0,5,1,1,0.334167,0.340267,0.542083,0.167908,307,3791,4098
379,"2012-01-14",1,1,1,0,6,0,1,0.18,0.183087,0.4575,0.187183,333,2160,2493
365,"2011-12-31",1,0,12,0,6,0,1,0.41,0.414121,0.615833,0.220154,665,1820,2485
718,"2012-12-18",4,1,12,0,2,1,1,0.410833,0.409708,0.66625,0.221404,433,5124,5557
430,"2012-03-05",1,1,3,0,1,1,1,0.243333,0.241171,0.50625,0.228858,203,3130,3333
399,"2012-02-03",1,1,2,0,5,1,1,0.313333,0.309346,0.526667,0.178496,310,3841,4151
248,"2011-09-05",3,0,9,1,1,0,2,0.673333,0.625646,0.790417,0.212696,1236,2115,3351
442,"2012-03-17",1,1,3,0,6,0,2,0.514167,0.505046,0.755833,0.110704,3155,4681,7836
723,"2012-12-23",1,1,12,0,0,0,1,0.245833,0.259471,0.515417,0.133083,408,1379,1787
641,"2012-10-02",4,1,10,0,2,1,3,0.590833,0.542333,0.871667,0.104475,315,4324,4639
665,"2012-10-26",4,1,10,0,5,1,2,0.545833,0.52275,0.807083,0.132467,1182,6262,7444
177,"2011-06-26",3,0,6,0,0,0,1,0.68,0.637629,0.513333,0.0945333,1920,3385,5305
10,"2011-01-10",1,0,1,0,1,1,1,0.150833,0.150888,0.482917,0.223267,41,1280,1321
662,"2012-10-23",4,1,10,0,2,1,1,0.544167,0.530304,0.641667,0.0945458,841,6625,7466
515,"2012-05-29",2,1,5,0,2,1,1,0.7225,0.672992,0.684583,0.2954,880,4863,5743
181,"2011-06-30",3,0,6,0,4,1,1,0.696667,0.637008,0.434167,0.185312,1027,4488,5515
389,"2012-01-24",1,1,1,0,2,1,1,0.3425,0.349108,0.835833,0.123767,439,3900,4339
34,"2011-02-03",1,0,2,0,4,1,1,0.186957,0.177878,0.437826,0.277752,61,1489,1550
549,"2012-07-02",3,1,7,0,1,1,1,0.781667,0.702038,0.447083,0.195267,904,5323,6227
321,"2011-11-17",4,0,11,0,4,1,2,0.341667,0.323221,0.575833,0.305362,139,2914,3053
681,"2012-11-11",4,1,11,0,0,0,1,0.420833,0.421713,0.659167,0.1275,2290,4562,6852
444,"2012-03-19",1,1,3,0,1,1,1,0.545,0.532821,0.72875,0.162317,982,5171,6153
581,"2012-08-03",3,1,8,0,5,1,2,0.765833,0.722867,0.6425,0.215792,1328,5847,7175
99,"2011-04-09",2,0,4,0,6,0,2,0.3425,0.341529,0.8775,0.133083,879,1576,2455
260,"2011-09-17",3,0,9,0,6,0,2,0.491667,0.478512,0.718333,0.189675,1434,3077,4511
721,"2012-12-21",1,1,12,0,5,1,2,0.326667,0.301767,0.556667,0.374383,221,3402,3623
383,"2012-01-18",1,1,1,0,3,1,1,0.303333,0.275254,0.443333,0.415429,109,3267,3376
93,"2011-04-03",2,0,4,0,0,0,1,0.378333,0.378767,0.48,0.182213,1651,1598,3249
380,"2012-01-15",1,1,1,0,0,0,1,0.166667,0.161625,0.419167,0.251258,284,2027,2311
554,"2012-07-07",3,1,7,0,6,0,1,0.861667,0.804913,0.492083,0.163554,1448,3392,4840
352,"2011-12-18",4,0,12,0,0,0,1,0.238333,0.245579,0.58625,0.169779,220,2211,2431
613,"2012-09-04",3,1,9,0,2,1,1,0.725833,0.686888,0.755,0.236321,867,5997,6864
187,"2011-07-06",3,0,7,0,3,1,1,0.72,0.685633,0.743333,0.149883,784,3845,4629
726,"2012-12-26",1,1,12,0,3,1,3,0.243333,0.220333,0.823333,0.316546,9,432,441
104,"2011-04-14",2,0,4,0,4,1,1,0.4675,0.462742,0.540417,0.1107,529,2738,3267
639,"2012-09-30",4,1,9,0,0,0,1,0.526667,0.517663,0.583333,0.134958,2015,4874,6889
372,"2012-01-07",1,1,1,0,6,0,1,0.393333,0.390779,0.531667,0.174758,1070,3451,4521
220,"2011-08-08",3,0,8,0,1,1,1,0.765,0.703283,0.592083,0.192175,846,3480,4326
517,"2012-05-31",2,1,5,0,4,1,1,0.68,0.631329,0.492917,0.195279,1100,6238,7338
558,"2012-07-11",3,1,7,0,3,1,1,0.716667,0.650271,0.633333,0.151733,975,6289,7264
621,"2012-09-12",3,1,9,0,3,1,1,0.599167,0.570075,0.577083,0.131846,1050,6820,7870
565,"2012-07-18",3,1,7,0,3,1,1,0.793333,0.745583,0.577083,0.137442,799,4914,5713
302,"2011-10-29",4,0,10,0,6,0,3,0.254167,0.227913,0.8825,0.351371,57,570,627
280,"2011-10-07",4,0,10,0,5,1,1,0.510833,0.504404,0.684167,0.0223917,949,4036,4985
4,"2011-01-04",1,0,1,0,2,1,1,0.2,0.212122,0.590435,0.160296,108,1454,1562
44,"2011-02-13",1,0,2,0,0,0,1,0.316522,0.324113,0.457391,0.260883,397,1192,1589
150,"2011-05-30",2,0,5,1,1,0,1,0.733333,0.671092,0.685,0.131225,1549,2549,4098
531,"2012-06-14",2,1,6,0,4,1,1,0.648333,0.624383,0.569583,0.253733,1180,6183,7363
30,"2011-01-30",1,0,1,0,0,0,1,0.216522,0.250322,0.722174,0.0739826,140,956,1096
133,"2011-05-13",2,0,5,0,5,1,2,0.5125,0.4943,0.863333,0.179725,692,3413,4105
204,"2011-07-23",3,0,7,0,6,0,1,0.849167,0.804287,0.5,0.131221,987,2298,3285
532,"2012-06-15",2,1,6,0,5,1,1,0.639167,0.599754,0.589583,0.176617,1563,6102,7665
282,"2011-10-09",4,0,10,0,0,0,1,0.540833,0.523983,0.7275,0.06345,2397,3114,5511
229,"2011-08-17",3,0,8,0,3,1,1,0.723333,0.666671,0.575417,0.143667,668,4026,4694
20,"2011-01-20",1,0,1,0,4,1,2,0.261667,0.25505,0.538333,0.195904,83,1844,1927
32,"2011-02-01",1,0,2,0,2,1,2,0.192174,0.23453,0.829565,0.053213,47,1313,1360
146,"2011-05-26",2,0,5,0,4,1,1,0.708333,0.654688,0.6775,0.199642,758,3919,4677
59,"2011-02-28",1,0,2,0,1,1,2,0.407273,0.400118,0.876364,0.289686,81,1365,1446
230,"2011-08-18",3,0,8,0,4,1,1,0.711667,0.662258,0.654583,0.233208,639,3166,3805
375,"2012-01-10",1,1,1,0,2,1,1,0.308696,0.318826,0.646522,0.187552,173,3425,3598
556,"2012-07-09",3,1,7,0,1,1,2,0.710833,0.654054,0.683333,0.180975,998,5571,6569
578,"2012-07-31",3,1,7,0,2,1,1,0.713333,0.662896,0.704167,0.165425,968,6248,7216
281,"2011-10-08",4,0,10,0,6,0,1,0.521667,0.513242,0.70125,0.0454042,2235,3174,5409
687,"2012-11-17",4,1,11,0,6,0,1,0.325,0.326383,0.545417,0.179729,1313,4316,5629
509,"2012-05-23",2,1,5,0,3,1,2,0.621667,0.584612,0.774583,0.102,766,4494,5260
450,"2012-03-25",2,1,3,0,0,0,2,0.4375,0.437488,0.880833,0.220775,1532,3464,4996
473,"2012-04-17",2,1,4,0,2,1,1,0.608333,0.598487,0.390417,0.273629,989,5702,6691
374,"2012-01-09",1,1,1,0,1,1,2,0.224167,0.247479,0.701667,0.0989,106,2270,2376
344,"2011-12-10",4,0,12,0,6,0,1,0.275,0.266412,0.5075,0.233221,502,2688,3190
154,"2011-06-03",2,0,6,0,5,1,1,0.62,0.587133,0.354167,0.253121,898,4414,5312
560,"2012-07-13",3,1,7,0,5,1,2,0.731667,0.667933,0.485833,0.08085,1511,5988,7499
660,"2012-10-21",4,1,10,0,0,0,1,0.464167,0.456429,0.51,0.166054,2132,4692,6824
545,"2012-06-28",3,1,6,0,4,1,1,0.749167,0.675512,0.4225,0.17165,921,5958,6879
178,"2011-06-27",3,0,6,0,1,1,2,0.6825,0.637004,0.658333,0.107588,854,3854,4708
679,"2012-11-09",4,1,11,0,5,1,1,0.361667,0.355413,0.540833,0.214558,709,5283,5992
628,"2012-09-19",3,1,9,0,3,1,1,0.5525,0.540404,0.536667,0.215175,788,6803,7591
190,"2011-07-09",3,0,7,0,6,0,1,0.733333,0.664158,0.609167,0.167912,1988,3348,5336
134,"2011-05-14",2,0,5,0,6,0,2,0.520833,0.500629,0.9225,0.13495,902,2507,3409
37,"2011-02-06",1,0,2,0,0,0,1,0.285833,0.291671,0.568333,0.1418,354,1269,1623
477,"2012-04-21",2,1,4,0,6,0,1,0.57,0.542921,0.682917,0.283587,2541,4083,6624
428,"2012-03-03",1,1,3,0,6,0,2,0.414167,0.413492,0.62125,0.161079,956,3110,4066
340,"2011-12-06",4,0,12,0,2,1,3,0.4625,0.4564,0.949583,0.232583,126,2468,2594
670,"2012-10-31",4,1,10,0,3,1,2,0.3575,0.3611,0.666667,0.166667,419,5147,5566
106,"2011-04-16",2,0,4,0,6,0,3,0.430833,0.425492,0.888333,0.340808,121,674,795
125,"2011-05-05",2,0,5,0,4,1,1,0.459167,0.441917,0.444167,0.295392,614,3819,4433
351,"2011-12-17",4,0,12,0,6,0,2,0.258333,0.249371,0.560833,0.243167,275,2464,2739
454,"2012-03-29",2,1,3,0,4,1,1,0.494167,0.482304,0.439167,0.31965,834,5299,6133
675,"2012-11-05",4,1,11,0,1,1,1,0.319167,0.308075,0.494167,0.236325,378,4881,5259
41,"2011-02-10",1,0,2,0,4,1,1,0.144348,0.149548,0.437391,0.221935,47,1491,1538
696,"2012-11-26",4,1,11,0,1,1,1,0.313333,0.339004,0.535417,0.04665,337,4750,5087
185,"2011-07-04",3,0,7,1,1,0,2,0.726667,0.665417,0.637917,0.0814792,3065,2978,6043
332,"2011-11-28",4,0,11,0,1,1,1,0.503478,0.490122,0.743043,0.142122,253,3614,3867
673,"2012-11-03",4,1,11,0,6,0,2,0.343333,0.323846,0.49125,0.270529,1029,4109,5138
295,"2011-10-22",4,0,10,0,6,0,1,0.4225,0.425492,0.629167,0.0926667,1499,2809,4308
272,"2011-09-29",4,0,9,0,4,1,1,0.616667,0.574512,0.699167,0.172883,653,4186,4839
38,"2011-02-07",1,0,2,0,1,1,1,0.271667,0.303658,0.738333,0.0454083,120,1592,1712
717,"2012-12-17",4,1,12,0,1,1,2,0.393333,0.4015,0.907083,0.0982583,212,4373,4585
603,"2012-08-25",3,1,8,0,6,0,2,0.661667,0.618696,0.712917,0.244408,1829,4224,6053
401,"2012-02-05",1,1,2,0,0,0,2,0.265833,0.264521,0.687917,0.175996,318,2629,2947
58,"2011-02-27",1,0,2,0,0,0,1,0.343478,0.351109,0.68,0.125248,694,1708,2402
651,"2012-10-12",4,1,10,0,5,1,1,0.4375,0.433071,0.539167,0.235092,1060,6222,7282
595,"2012-08-17",3,1,8,0,5,1,1,0.723333,0.2424,0.570833,0.231354,1483,5665,7148
28,"2011-01-28",1,0,1,0,5,1,2,0.203478,0.223317,0.793043,0.1233,38,1129,1167
523,"2012-06-06",2,1,6,0,3,1,1,0.554167,0.542292,0.61125,0.077125,1027,6028,7055
413,"2012-02-17",1,1,2,0,5,1,1,0.343333,0.351629,0.634583,0.205846,349,3805,4154
212,"2011-07-31",3,0,7,0,0,0,1,0.805833,0.729796,0.480833,0.164813,1524,2778,4302
682,"2012-11-12",4,1,11,1,1,0,1,0.485,0.475383,0.741667,0.173517,1097,5172,6269
101,"2011-04-11",2,0,4,0,1,1,2,0.595652,0.565217,0.716956,0.324474,855,2493,3348
166,"2011-06-15",2,0,6,0,3,1,1,0.626667,0.587754,0.471667,0.167912,769,4411,5180
570,"2012-07-23",3,1,7,0,1,1,1,0.741667,0.690017,0.694167,0.138683,1135,5831,6966
331,"2011-11-27",4,0,11,0,0,0,1,0.459167,0.4558,0.698333,0.208954,810,2261,3071
704,"2012-12-04",4,1,12,0,2,1,1,0.475833,0.469054,0.73375,0.174129,551,6055,6606
356,"2011-12-22",1,0,12,0,4,1,2,0.423333,0.426121,0.7575,0.047275,227,2841,3068
710,"2012-12-10",4,1,12,0,1,1,2,0.435833,0.435575,0.925,0.190308,329,4841,5170
646,"2012-10-07",4,1,10,0,0,0,2,0.415833,0.419813,0.708333,0.141162,781,2729,3510
630,"2012-09-21",3,1,9,0,5,1,1,0.599167,0.571971,0.66875,0.154229,1250,6917,8167
614,"2012-09-05",3,1,9,0,3,1,1,0.736667,0.708983,0.74125,0.187808,832,6280,7112
480,"2012-04-24",2,1,4,0,2,1,1,0.413333,0.405283,0.454167,0.249383,518,5115,5633
256,"2011-09-13",3,0,9,0,2,1,1,0.650833,0.603554,0.7125,0.141804,701,4062,4763
207,"2011-07-26",3,0,7,0,2,1,1,0.771667,0.696979,0.540833,0.200258,750,3840,4590
116,"2011-04-26",2,0,4,0,2,1,1,0.631667,0.594083,0.729167,0.3265,678,3722,4400
228,"2011-08-16",3,0,8,0,2,1,1,0.700833,0.645837,0.578333,0.236329,721,4004,4725
117,"2011-04-27",2,0,4,0,3,1,2,0.62,0.575142,0.835417,0.3122,547,3325,3872
692,"2012-11-22",4,1,11,1,4,0,1,0.34,0.350371,0.580417,0.0528708,955,1470,2425
404,"2012-02-08",1,1,2,0,3,1,2,0.256667,0.266421,0.722917,0.133721,109,2693,2802
292,"2011-10-19",4,0,10,0,3,1,3,0.541739,0.513848,0.895217,0.243339,254,2170,2424
39,"2011-02-08",1,0,2,0,2,1,1,0.220833,0.198246,0.537917,0.36195,64,1466,1530
354,"2011-12-20",4,0,12,0,2,1,2,0.385833,0.396454,0.595417,0.0615708,216,3534,3750
424,"2012-02-28",1,1,2,0,2,1,1,0.359167,0.353525,0.395833,0.193417,229,4134,4363
393,"2012-01-28",1,1,1,0,6,0,1,0.315833,0.326379,0.543333,0.210829,775,3248,4023
215,"2011-08-03",3,0,8,0,3,1,2,0.731667,0.679937,0.6575,0.135583,467,3107,3574
208,"2011-07-27",3,0,7,0,3,1,1,0.775,0.690667,0.402917,0.183463,755,3901,4656
250,"2011-09-07",3,0,9,0,3,1,3,0.599167,0.544229,0.917083,0.0970208,118,1878,1996
698,"2012-11-28",4,1,11,0,3,1,1,0.296667,0.289762,0.50625,0.210821,198,5062,5260
360,"2011-12-26",1,0,12,1,1,0,1,0.321739,0.315535,0.506957,0.239465,430,887,1317
275,"2011-10-02",4,0,10,0,0,0,2,0.356667,0.345317,0.791667,0.222013,616,2302,2918
501,"2012-05-15",2,1,5,0,2,1,2,0.611667,0.576404,0.794583,0.147392,625,4490,5115
449,"2012-03-24",2,1,3,0,6,0,2,0.5025,0.486733,0.885417,0.192783,1033,2339,3372
392,"2012-01-27",1,1,1,0,5,1,2,0.425,0.415383,0.74125,0.342667,269,3187,3456
168,"2011-06-17",2,0,6,0,5,1,1,0.649167,0.600383,0.735833,0.143029,863,3981,4844
390,"2012-01-25",1,1,1,0,3,1,1,0.294167,0.294821,0.64375,0.161071,467,3803,4270
143,"2011-05-23",2,0,5,0,1,1,2,0.631667,0.590296,0.81,0.233842,836,3438,4274
45,"2011-02-14",1,0,2,0,1,1,1,0.415,0.39835,0.375833,0.417908,208,1705,1913
194,"2011-07-13",3,0,7,0,3,1,1,0.746667,0.689404,0.631667,0.146133,748,3594,4342
165,"2011-06-14",2,0,6,0,2,1,1,0.604167,0.591546,0.507083,0.269283,727,4164,4891
86,"2011-03-27",2,0,3,0,0,0,2,0.253043,0.250339,0.493913,0.1843,472,1221,1693
261,"2011-09-18",3,0,9,0,0,0,1,0.5075,0.490537,0.695,0.178483,1353,2921,4274
447,"2012-03-22",2,1,3,0,4,1,1,0.554167,0.531567,0.83125,0.117562,1334,5537,6871
245,"2011-09-02",3,0,9,0,5,1,2,0.643333,0.604808,0.727083,0.139929,875,3852,4727
63,"2011-03-04",1,0,3,0,5,1,2,0.261667,0.255679,0.610417,0.203346,214,1730,1944
652,"2012-10-13",4,1,10,0,6,0,1,0.393333,0.391396,0.494583,0.146142,2252,4857,7109
240,"2011-08-28",3,0,8,0,0,0,1,0.707059,0.647959,0.561765,0.304659,1415,2919,4334
213,"2011-08-01",3,0,8,0,1,1,1,0.771667,0.703292,0.550833,0.156717,729,3537,4266
471,"2012-04-15",2,1,4,0,0,0,1,0.606667,0.573875,0.507917,0.225129,2846,4286,7132
92,"2011-04-02",2,0,4,0,6,0,2,0.315,0.315637,0.65375,0.197146,898,1354,2252
83,"2011-03-24",2,0,3,0,4,1,2,0.285,0.270833,0.805833,0.243787,166,1699,1865
722,"2012-12-22",1,1,12,0,6,0,1,0.265833,0.236113,0.44125,0.407346,205,1544,1749
535,"2012-06-18",2,1,6,0,1,1,2,0.568333,0.544842,0.777917,0.174746,653,4446,5099
492,"2012-05-06",2,1,5,0,0,0,2,0.5625,0.546737,0.74,0.149879,2135,4224,6359
493,"2012-05-07",2,1,5,0,1,1,2,0.5375,0.527142,0.664167,0.230721,1008,5265,6273
108,"2011-04-18",2,0,4,0,1,1,1,0.5125,0.503146,0.5425,0.163567,669,2760,3429
703,"2012-12-03",4,1,12,0,1,1,1,0.4525,0.455796,0.7675,0.0827208,555,5679,6234
719,"2012-12-19",4,1,12,0,3,1,1,0.3325,0.342162,0.625417,0.184092,333,4934,5267
333,"2011-11-29",4,0,11,0,2,1,2,0.458333,0.451375,0.830833,0.258092,96,2818,2914
151,"2011-05-31",2,0,5,0,2,1,1,0.775,0.725383,0.636667,0.111329,673,3309,3982
543,"2012-06-26",3,1,6,0,2,1,1,0.630833,0.594704,0.373333,0.347642,1077,6365,7442
327,"2011-11-23",4,0,11,0,3,1,2,0.440833,0.430537,0.757917,0.335825,112,2454,2566
436,"2012-03-11",1,1,3,0,0,0,1,0.361739,0.35967,0.476957,0.222587,1658,3253,4911
25,"2011-01-25",1,0,1,0,2,1,2,0.223478,0.234526,0.616957,0.129796,186,1799,1985
715,"2012-12-15",4,1,12,0,6,0,1,0.324167,0.338383,0.650417,0.10635,767,4280,5047
297,"2011-10-24",4,0,10,0,1,1,1,0.463333,0.457067,0.772083,0.118792,699,3488,4187
519,"2012-06-02",2,1,6,0,6,0,1,0.583333,0.566288,0.549167,0.186562,2795,5325,8120
206,"2011-07-25",3,0,7,0,1,1,1,0.743333,0.720958,0.757083,0.0908083,568,3272,3840
678,"2012-11-08",4,1,11,0,4,1,1,0.352174,0.341891,0.333478,0.347835,340,4975,5315
189,"2011-07-08",3,0,7,0,5,1,2,0.709167,0.670483,0.757917,0.225129,692,3348,4040
567,"2012-07-20",3,1,7,0,5,1,2,0.665833,0.613025,0.844167,0.208967,747,5123,5870
16,"2011-01-16",1,0,1,0,0,0,1,0.231667,0.234217,0.48375,0.188433,251,953,1204
627,"2012-09-18",3,1,9,0,2,1,2,0.623333,0.565067,0.8725,0.357587,371,3702,4073
645,"2012-10-06",4,1,10,0,6,0,1,0.554167,0.538521,0.664167,0.268025,3031,4934,7965
529,"2012-06-12",2,1,6,0,2,1,2,0.653333,0.597875,0.833333,0.214546,477,4495,4972
474,"2012-04-18",2,1,4,0,3,1,2,0.463333,0.457038,0.569167,0.167912,347,4020,4367
267,"2011-09-24",4,0,9,0,6,0,2,0.606667,0.564412,0.8625,0.0783833,1776,3647,5423
482,"2012-04-26",2,1,4,0,4,1,2,0.498333,0.483583,0.756667,0.176625,475,4551,5026
725,"2012-12-25",1,1,12,1,2,0,2,0.291304,0.294465,0.734783,0.168726,440,573,1013
149,"2011-05-29",2,0,5,0,0,0,1,0.6675,0.61555,0.81875,0.213938,2355,2433,4788
2,"2011-01-02",1,0,1,0,0,0,2,0.363478,0.353739,0.696087,0.248539,131,670,801
720,"2012-12-20",4,1,12,0,4,1,2,0.33,0.335217,0.667917,0.132463,314,3814,4128
276,"2011-10-03",4,0,10,0,1,1,2,0.384167,0.392046,0.760833,0.0833458,330,3240,3570
546,"2012-06-29",3,1,6,0,5,1,1,0.834167,0.786613,0.48875,0.165417,829,4634,5463
355,"2011-12-21",1,0,12,0,3,1,2,0.428333,0.428017,0.858333,0.2214,107,2553,2660
583,"2012-08-05",3,1,8,0,0,0,1,0.769167,0.731079,0.6525,0.290421,1707,3757,5464
605,"2012-08-27",3,1,8,0,1,1,1,0.703333,0.654688,0.730417,0.128733,989,5928,6917
